Date,Name,Year,Letterboxd URI
2014-06-17,Star Wars,1977,https://boxd.it/72s
2014-06-17,The Empire Strikes Back,1980,https://boxd.it/27Vw
2014-06-17,22 Jump Street,2014,https://boxd.it/5Fvy
2014-06-17,The Wolf of Wall Street,2013,https://boxd.it/3C1m
2014-06-17,21 Jump Street,2012,https://boxd.it/J0
2014-06-17,How to Train Your Dragon,2010,https://boxd.it/1WRy
2014-06-17,Gravity,2013,https://boxd.it/GZY
2014-06-17,The Dark Knight,2008,https://boxd.it/2b0k
2014-06-17,Inception,2010,https://boxd.it/1skk
2014-06-17,Django Unchained,2012,https://boxd.it/2cCk
2014-06-17,X-Men: First Class,2011,https://boxd.it/FOA
2014-06-17,Frozen,2013,https://boxd.it/3GNa
2014-06-17,12 Years a Slave,2013,https://boxd.it/2D2e
2014-06-17,2001: A Space Odyssey,1968,https://boxd.it/2bf0
2014-06-17,The Matrix,1999,https://boxd.it/2a1m
2014-06-17,The Godfather,1972,https://boxd.it/2aNK
2014-06-17,American Hustle,2013,https://boxd.it/5dz8
2014-06-17,The Secret Life of Walter Mitty,2013,https://boxd.it/3SWy
2014-06-17,The Avengers,2012,https://boxd.it/1xFW
2014-06-17,The Social Network,2010,https://boxd.it/17ue
2014-06-17,Blade Runner,1982,https://boxd.it/2bcA
2018-07-24,Incredibles 2,2018,https://boxd.it/7IPg
2018-07-26,Star Wars: The Force Awakens,2015,https://boxd.it/4vru
2018-07-26,Baby Driver,2017,https://boxd.it/bhF2
2018-07-26,Pulp Fiction,1994,https://boxd.it/29Pq
2018-07-26,Guardians of the Galaxy,2014,https://boxd.it/3VH2
2018-07-26,Lady Bird,2017,https://boxd.it/dGNE
2018-07-26,Interstellar,2014,https://boxd.it/4VZ8
2018-07-26,Hoop Dreams,1994,https://boxd.it/1Opc
2018-07-26,The Act of Killing,2012,https://boxd.it/44Cg
2018-07-26,Dunkirk,2017,https://boxd.it/d0Y6
2018-07-26,The Prestige,2006,https://boxd.it/293w
2018-07-26,Batman Begins,2005,https://boxd.it/2aIg
2018-07-26,Memento,2000,https://boxd.it/2bcK
2018-07-26,The Dark Knight Rises,2012,https://boxd.it/H3m
2018-07-26,Insomnia,2002,https://boxd.it/2aB0
2018-07-26,The Grand Budapest Hotel,2014,https://boxd.it/3ZqO
2018-07-26,Star Wars: The Last Jedi,2017,https://boxd.it/5xme
2018-07-26,Her,2013,https://boxd.it/4O24
2018-07-26,Deadpool,2016,https://boxd.it/9fOC
2018-07-26,Blade Runner 2049,2017,https://boxd.it/b8wK
2018-07-26,Gone Girl,2014,https://boxd.it/6hQu
2018-07-26,Moonlight,2016,https://boxd.it/d6bE
2018-07-26,Logan,2017,https://boxd.it/7Piy
2018-07-26,Thor: Ragnarok,2017,https://boxd.it/8MHi
2018-07-26,Rogue One: A Star Wars Story,2016,https://boxd.it/aPvy
2018-07-26,Birdman or (The Unexpected Virtue of Ignorance),2014,https://boxd.it/5RFA
2018-07-26,Ex Machina,2015,https://boxd.it/7T2k
2018-07-26,Avengers: Infinity War,2018,https://boxd.it/9vEe
2018-07-26,Wonder Woman,2017,https://boxd.it/9roG
2018-07-26,The Shining,1980,https://boxd.it/29Nu
2018-07-26,Spider-Man: Homecoming,2017,https://boxd.it/aboM
2018-07-26,The Martian,2015,https://boxd.it/8SeG
2018-07-26,Nightcrawler,2014,https://boxd.it/780m
2018-07-26,Captain America: The Winter Soldier,2014,https://boxd.it/3r58
2018-07-26,Eternal Sunshine of the Spotless Mind,2004,https://boxd.it/6YK
2018-07-26,The Lord of the Rings: The Fellowship of the Ring,2001,https://boxd.it/2b5O
2018-07-26,Avengers: Age of Ultron,2015,https://boxd.it/3qi6
2018-07-26,Jurassic Park,1993,https://boxd.it/2aA2
2018-07-26,Back to the Future,1985,https://boxd.it/2b8e
2018-07-26,Taxi Driver,1976,https://boxd.it/2b8y
2018-07-26,Kingsman: The Secret Service,2014,https://boxd.it/6dxe
2018-07-26,No Country for Old Men,2007,https://boxd.it/21ew
2018-07-26,Black Swan,2010,https://boxd.it/Sw0
2018-07-26,Forrest Gump,1994,https://boxd.it/728
2018-07-26,A Quiet Place,2018,https://boxd.it/fVJQ
2018-07-26,Moonrise Kingdom,2012,https://boxd.it/2Wng
2018-07-26,Spirited Away,2001,https://boxd.it/2b4m
2018-07-26,Boyhood,2014,https://boxd.it/3178
2018-07-26,The Shawshank Redemption,1994,https://boxd.it/2aHi
2018-07-26,The Incredibles,2004,https://boxd.it/1XLm
2018-07-26,WALL·E,2008,https://boxd.it/1VEo
2018-07-26,Iron Man,2008,https://boxd.it/28dA
2018-07-26,Fargo,1996,https://boxd.it/2aHM
2018-07-26,The Big Lebowski,1998,https://boxd.it/2b6C
2018-07-26,Return of the Jedi,1983,https://boxd.it/27Vm
2018-07-26,Manchester by the Sea,2016,https://boxd.it/b2L0
2018-07-26,GoodFellas,1990,https://boxd.it/29FA
2018-07-26,The Lord of the Rings: The Return of the King,2003,https://boxd.it/2b5u
2018-07-26,Up,2009,https://boxd.it/1OEc
2018-07-26,American Beauty,1999,https://boxd.it/71Y
2018-07-26,Batman v Superman: Dawn of Justice,2016,https://boxd.it/6fBW
2018-07-26,Toy Story,1995,https://boxd.it/29qA
2018-07-26,Spotlight,2015,https://boxd.it/a84k
2018-07-26,The Lord of the Rings: The Two Towers,2002,https://boxd.it/2b5E
2018-07-26,Mulholland Drive,2001,https://boxd.it/297o
2018-07-26,Pan's Labyrinth,2006,https://boxd.it/28No
2018-07-26,Raiders of the Lost Ark,1981,https://boxd.it/2bbs
2018-07-26,Iron Man 3,2013,https://boxd.it/2cBQ
2018-07-26,Lost in Translation,2003,https://boxd.it/2b0E
2018-07-26,Finding Nemo,2003,https://boxd.it/72i
2018-07-26,Skyfall,2012,https://boxd.it/17Fc
2018-07-26,The Lion King,1994,https://boxd.it/201Q
2018-07-26,Captain America: The First Avenger,2011,https://boxd.it/28b0
2018-07-26,The Imitation Game,2014,https://boxd.it/6aig
2018-07-26,Fantastic Beasts and Where to Find Them,2016,https://boxd.it/7FPC
2018-07-26,Shutter Island,2010,https://boxd.it/1U82
2018-07-26,X-Men: Days of Future Past,2014,https://boxd.it/4aRw
2018-07-26,Black Panther,2018,https://boxd.it/8MHs
2018-07-26,The Silence of the Lambs,1991,https://boxd.it/2aHW
2018-07-26,"I, Tonya",2017,https://boxd.it/dzR0
2018-07-26,Dr. Strangelove or: How I Learned to Stop Worrying and Love the Bomb,1964,https://boxd.it/29eY
2018-07-26,Eyes Wide Shut,1999,https://boxd.it/2axs
2018-07-26,12 Angry Men,1957,https://boxd.it/2auI
2018-07-26,Titanic,1997,https://boxd.it/2a2k
2018-07-26,The Big Short,2015,https://boxd.it/ajZw
2018-07-26,The Breakfast Club,1985,https://boxd.it/27q4
2018-07-26,American Psycho,2000,https://boxd.it/28Vs
2018-07-26,Toy Story 3,2010,https://boxd.it/1WRe
2018-07-26,Apocalypse Now,1979,https://boxd.it/6ZS
2018-07-26,Harry Potter and the Prisoner of Azkaban,2004,https://boxd.it/29Qy
2018-07-26,Ratatouille,2007,https://boxd.it/27ww
2018-07-26,Vertigo,1958,https://boxd.it/2apI
2018-07-26,Thor,2011,https://boxd.it/1WQU
2018-07-26,Avatar,2009,https://boxd.it/1Efm
2018-07-26,"Monsters, Inc.",2001,https://boxd.it/2a46
2018-07-26,Isle of Dogs,2018,https://boxd.it/dZrW
2018-07-26,Deadpool 2,2018,https://boxd.it/dlLM
2018-07-26,Schindler's List,1993,https://boxd.it/2aq2
2018-07-26,The Godfather Part II,1974,https://boxd.it/2aNq
2018-07-26,Edge of Tomorrow,2014,https://boxd.it/4pD0
2018-07-26,Harry Potter and the Deathly Hallows: Part 2,2011,https://boxd.it/1RYk
2018-07-26,Good Will Hunting,1997,https://boxd.it/2ahY
2018-07-26,Oldboy,2003,https://boxd.it/29R2
2018-07-26,Finding Dory,2016,https://boxd.it/4aAA
2018-07-26,The Perks of Being a Wallflower,2012,https://boxd.it/2ZA8
2018-07-26,Harry Potter and the Philosopher's Stone,2001,https://boxd.it/29QS
2018-07-26,The Hunger Games,2012,https://boxd.it/2uds
2018-07-26,Star Wars: Episode III – Revenge of the Sith,2005,https://boxd.it/27US
2018-07-26,Man of Steel,2013,https://boxd.it/FRk
2018-07-26,Iron Man 2,2010,https://boxd.it/1WZM
2018-07-26,Looper,2012,https://boxd.it/ham
2018-07-26,The Hunger Games: Catching Fire,2013,https://boxd.it/3sAw
2018-07-26,Rear Window,1954,https://boxd.it/2a6Q
2018-07-26,E.T. the Extra-Terrestrial,1982,https://boxd.it/2a1G
2018-07-26,Thor: The Dark World,2013,https://boxd.it/2DqA
2018-07-26,The Hobbit: An Unexpected Journey,2012,https://boxd.it/GZk
2018-07-26,Pacific Rim,2013,https://boxd.it/2cB2
2018-07-26,Star Wars: Episode I – The Phantom Menace,1999,https://boxd.it/27Vc
2018-07-26,(500) Days of Summer,2009,https://boxd.it/1EmM
2018-07-26,One Flew Over the Cuckoo's Nest,1975,https://boxd.it/2aeA
2018-07-26,The Royal Tenenbaums,2001,https://boxd.it/1YHU
2018-07-26,Little Miss Sunshine,2006,https://boxd.it/29EW
2018-07-26,Solo: A Star Wars Story,2018,https://boxd.it/bGWs
2018-07-26,Ghostbusters,1984,https://boxd.it/g2w
2018-07-26,Casablanca,1942,https://boxd.it/2aG0
2018-07-26,Star Wars: Episode II – Attack of the Clones,2002,https://boxd.it/27V2
2018-07-26,X-Men: Apocalypse,2016,https://boxd.it/7eJi
2018-07-26,Catch Me If You Can,2002,https://boxd.it/29VS
2018-07-26,The Great Gatsby,2013,https://boxd.it/JY
2018-07-26,Harry Potter and the Chamber of Secrets,2002,https://boxd.it/29QI
2018-07-26,The Master,2012,https://boxd.it/2cBG
2018-07-26,Ferris Bueller's Day Off,1986,https://boxd.it/1YPY
2018-07-26,Harry Potter and the Goblet of Fire,2005,https://boxd.it/29Qo
2018-07-26,Argo,2012,https://boxd.it/2czU
2018-07-26,Life of Pi,2012,https://boxd.it/37pC
2018-07-26,Harry Potter and the Deathly Hallows: Part 1,2010,https://boxd.it/1RYu
2018-07-26,Pirates of the Caribbean: The Curse of the Black Pearl,2003,https://boxd.it/70G
2018-07-26,Spider-Man 2,2004,https://boxd.it/2a88
2018-07-26,Spider-Man,2002,https://boxd.it/2a8i
2018-07-26,Wreck-It Ralph,2012,https://boxd.it/2TTS
2018-07-26,Home Alone,1990,https://boxd.it/29Fg
2018-07-26,Watchmen,2009,https://boxd.it/1QE4
2018-07-26,Magnolia,1999,https://boxd.it/2aze
2018-07-26,The Tree of Life,2011,https://boxd.it/1Zu8
2018-07-26,Harry Potter and the Half-Blood Prince,2009,https://boxd.it/29FU
2018-07-26,Groundhog Day,1993,https://boxd.it/2b3e
2018-07-26,Midnight in Paris,2011,https://boxd.it/i4a
2018-07-26,Harry Potter and the Order of the Phoenix,2007,https://boxd.it/29Qe
2018-07-26,"Love, Simon",2018,https://boxd.it/g02s
2018-07-26,The Hobbit: The Desolation of Smaug,2013,https://boxd.it/nmS
2018-07-26,Juno,2007,https://boxd.it/210a
2018-07-26,My Neighbor Totoro,1988,https://boxd.it/20eA
2018-07-26,Punch-Drunk Love,2002,https://boxd.it/20E4
2018-07-26,Blue Jasmine,2013,https://boxd.it/50MI
2018-07-26,Annie Hall,1977,https://boxd.it/29M2
2018-07-26,Manhattan,1979,https://boxd.it/29Na
2018-07-26,Irrational Man,2015,https://boxd.it/8JOq
2018-07-26,Princess Mononoke,1997,https://boxd.it/2b4w
2018-07-26,Howl's Moving Castle,2004,https://boxd.it/23De
2018-07-26,Castle in the Sky,1986,https://boxd.it/1W4G
2018-07-26,Ponyo,2008,https://boxd.it/1S0A
2018-07-26,Kiki's Delivery Service,1989,https://boxd.it/1JAY
2018-07-26,The Wind Rises,2013,https://boxd.it/4JQS
2018-07-26,Nausicaä of the Valley of the Wind,1984,https://boxd.it/2bc6
2018-07-26,Porco Rosso,1992,https://boxd.it/1Tp2
2018-07-26,The Castle of Cagliostro,1979,https://boxd.it/1Mn4
2018-07-26,The Amazing Spider-Man,2012,https://boxd.it/27PI
2018-07-26,Edward Scissorhands,1990,https://boxd.it/2aZc
2018-07-26,Before Sunrise,1995,https://boxd.it/2bcU
2018-07-26,Before Sunset,2004,https://boxd.it/2bcg
2018-07-26,Before Midnight,2013,https://boxd.it/4ive
2018-07-26,Bernie,2011,https://boxd.it/3eWe
2018-07-26,Everybody Wants Some!!,2016,https://boxd.it/9mgM
2018-07-26,Dazed and Confused,1993,https://boxd.it/1Ylk
2018-07-26,School of Rock,2003,https://boxd.it/28xK
2018-07-26,A Scanner Darkly,2006,https://boxd.it/25jK
2018-07-26,Waking Life,2001,https://boxd.it/1Zdc
2018-07-26,Blue Is the Warmest Color,2013,https://boxd.it/4O40
2018-07-26,The Hobbit: The Battle of the Five Armies,2014,https://boxd.it/43aU
2018-07-26,Back to the Future Part II,1989,https://boxd.it/2aYI
2018-07-26,Mean Girls,2004,https://boxd.it/1VNg
2018-07-26,The King's Speech,2010,https://boxd.it/dX0
2018-07-26,Kick-Ass,2010,https://boxd.it/1zaQ
2018-07-26,Being John Malkovich,1999,https://boxd.it/2ahu
2018-07-26,The Hunger Games: Mockingjay – Part 1,2014,https://boxd.it/4hka
2018-07-26,Monty Python and the Holy Grail,1975,https://boxd.it/29GI
2018-07-26,Superbad,2007,https://boxd.it/20hO
2018-07-26,Star Trek,2009,https://boxd.it/1Q6c
2018-07-26,Star Trek Beyond,2016,https://boxd.it/5Ik4
2018-07-26,Brave,2012,https://boxd.it/bVG
2018-07-26,Now You See Me,2013,https://boxd.it/2Bsu
2018-07-26,Silence,2016,https://boxd.it/2cAo
2018-07-26,The Graduate,1967,https://boxd.it/18Im
2018-07-26,Slumdog Millionaire,2008,https://boxd.it/1S3E
2018-07-26,The Amazing Spider-Man 2,2014,https://boxd.it/3utM
2018-07-26,In the Mood for Love,2000,https://boxd.it/29tE
2018-07-26,Hugo,2011,https://boxd.it/R08
2018-07-26,Indiana Jones and the Temple of Doom,1984,https://boxd.it/2bb8
2018-07-26,Raging Bull,1980,https://boxd.it/28yI
2018-07-26,Ghostbusters,2016,https://boxd.it/Vm8
2018-07-26,Les Misérables,2012,https://boxd.it/2TT4
2018-07-26,The Hangover,2009,https://boxd.it/1GjK
2018-07-26,Spring Breakers,2012,https://boxd.it/421s
2018-07-26,Stand by Me,1986,https://boxd.it/2aOe
2018-07-26,X-Men,2000,https://boxd.it/1a7s
2018-07-26,Anomalisa,2015,https://boxd.it/97TE
2018-07-26,Tangled,2010,https://boxd.it/15gO
2018-07-26,Rocky,1976,https://boxd.it/28Uk
2018-07-26,Persona,1966,https://boxd.it/29B4
2018-07-26,Ted,2012,https://boxd.it/2pgc
2018-07-26,Akira,1988,https://boxd.it/2b1i
2018-07-26,Easy A,2010,https://boxd.it/17DK
2018-07-26,Sherlock Holmes,2009,https://boxd.it/1W2A
2018-07-26,Super 8,2011,https://boxd.it/dVI
2018-07-26,Spider-Man 3,2007,https://boxd.it/2a7Y
2018-07-26,Charlie and the Chocolate Factory,2005,https://boxd.it/2b68
2018-07-26,Coraline,2009,https://boxd.it/1NhQ
2018-07-26,Melancholia,2011,https://boxd.it/bPI
2018-07-26,Sunset Boulevard,1950,https://boxd.it/2a20
2018-07-26,Pirates of the Caribbean: Dead Man's Chest,2006,https://boxd.it/2bfk
2018-07-26,A Beautiful Mind,2001,https://boxd.it/2amk
2018-07-26,Lincoln,2012,https://boxd.it/2n2s
2018-07-26,Shrek 2,2004,https://boxd.it/29z8
2018-07-26,Adaptation.,2002,https://boxd.it/26mA
2018-07-26,Where the Wild Things Are,2009,https://boxd.it/1K0C
2018-07-26,Despicable Me,2010,https://boxd.it/1DD8
2018-07-26,Amadeus,1984,https://boxd.it/2aH8
2018-07-26,Mission: Impossible – Ghost Protocol,2011,https://boxd.it/psI
2018-07-26,Back to the Future Part III,1990,https://boxd.it/2aTS
2018-07-26,Pitch Perfect,2012,https://boxd.it/3OsE
2018-07-26,"Synecdoche, New York",2008,https://boxd.it/23zw
2018-07-26,High and Low,1963,https://boxd.it/1RSc
2018-07-26,Ran,1985,https://boxd.it/1Tlu
2018-07-26,Rashomon,1950,https://boxd.it/2a9K
2018-07-26,Ikiru,1952,https://boxd.it/251c
2018-07-26,The Bad Sleep Well,1960,https://boxd.it/1iLA
2018-07-26,Pierrot le Fou,1965,https://boxd.it/26j2
2018-07-26,Breakfast at Tiffany's,1961,https://boxd.it/2aYS
2018-07-26,The Birds,1963,https://boxd.it/2a6m
2018-07-26,Double Indemnity,1944,https://boxd.it/297I
2018-07-26,It's a Wonderful Life,1946,https://boxd.it/28xA
2018-07-26,Tokyo Story,1953,https://boxd.it/1HuY
2018-07-26,Godzilla,1954,https://boxd.it/28kc
2018-07-26,Roman Holiday,1953,https://boxd.it/29zW
2018-07-26,Ben-Hur,1959,https://boxd.it/29RQ
2018-07-26,Dead Poets Society,1989,https://boxd.it/2aSg
2018-07-26,Pretty Woman,1990,https://boxd.it/2b6M
2018-07-26,Pickpocket,1959,https://boxd.it/29O8
2018-07-26,Wild Strawberries,1957,https://boxd.it/29ZU
2018-07-26,Election,1999,https://boxd.it/1YEc
2018-07-26,Jennifer's Body,2009,https://boxd.it/1Efw
2018-07-26,Wetlands,2013,https://boxd.it/6ehm
2018-07-26,Star Wars: The Clone Wars,2008,https://boxd.it/1Sly
2018-07-26,First Reformed,2017,https://boxd.it/go9C
2018-07-26,Mishima: A Life in Four Chapters,1985,https://boxd.it/1sBA
2018-07-26,The Canyons,2013,https://boxd.it/3Hbw
2018-07-26,Borat: Cultural Learnings of America for Make Benefit Glorious Nation of Kazakhstan,2006,https://boxd.it/2agQ
2018-07-26,The Truman Show,1998,https://boxd.it/18U8
2018-07-26,In Bruges,2008,https://boxd.it/20n8
2018-07-26,The Spectacular Now,2013,https://boxd.it/4VSG
2018-07-26,When Marnie Was There,2014,https://boxd.it/78pm
2018-07-26,Yi Yi,2000,https://boxd.it/1vCw
2018-09-12,Mission: Impossible – Fallout,2018,https://boxd.it/bSVc
2018-09-27,Searching,2018,https://boxd.it/hDPg
2018-09-27,Columbus,2017,https://boxd.it/eCuA
2018-09-27,Crazy Rich Asians,2018,https://boxd.it/gfnK
2018-09-27,Psycho,1960,https://boxd.it/2ab2
2018-09-27,A Clockwork Orange,1971,https://boxd.it/2aVE
2018-09-27,Following,1998,https://boxd.it/1Tj4
2018-09-27,Fight Club,1999,https://boxd.it/2a9q
2018-09-27,Whiplash,2014,https://boxd.it/7bQA
2018-09-27,The Artist,2011,https://boxd.it/2AwK
2018-09-27,Star Trek Into Darkness,2013,https://boxd.it/uYE
2018-09-27,Good Morning,1959,https://boxd.it/2lkk
2018-09-27,Metropolis,1927,https://boxd.it/71a
2018-09-27,The 400 Blows,1959,https://boxd.it/2b1C
2018-09-27,Gone with the Wind,1939,https://boxd.it/29Fq
2018-09-27,The Square,2017,https://boxd.it/e5YW
2018-09-27,Force Majeure,2014,https://boxd.it/7UcA
2018-09-27,Winter Sleep,2014,https://boxd.it/7Ua0
2018-09-28,"Like Father, Like Son",2013,https://boxd.it/5rQs
2018-09-28,Still Walking,2008,https://boxd.it/1wvm
2018-09-28,After the Storm,2016,https://boxd.it/d0HY
2018-09-28,Our Little Sister,2015,https://boxd.it/abBm
2018-09-28,Nobody Knows,2004,https://boxd.it/26E0
2018-09-28,The Third Murder,2017,https://boxd.it/fqF4
2018-09-28,Adventureland,2009,https://boxd.it/1JTQ
2018-09-28,Confessions,2010,https://boxd.it/uRS
2018-09-28,Uncle Drew,2018,https://boxd.it/h0ZQ
2018-09-28,Get Out,2017,https://boxd.it/eOCm
2018-10-04,Mystic River,2003,https://boxd.it/2aAG
2018-10-04,Gran Torino,2008,https://boxd.it/1Qzy
2018-10-04,Million Dollar Baby,2004,https://boxd.it/2bdI
2018-10-04,The Lives of Others,2006,https://boxd.it/2a4A
2018-10-04,Pi,1998,https://boxd.it/2ajq
2018-10-04,Napoleon Dynamite,2004,https://boxd.it/20wu
2018-10-04,Somewhere,2010,https://boxd.it/14du
2018-10-04,Marie Antoinette,2006,https://boxd.it/27Wa
2018-10-04,The Bling Ring,2013,https://boxd.it/3lPY
2018-10-04,A Separation,2011,https://boxd.it/gvo
2018-10-04,The Salesman,2016,https://boxd.it/d2we
2018-10-04,Elephant,2003,https://boxd.it/287i
2018-10-04,Scott Pilgrim vs. the World,2010,https://boxd.it/1Aq6
2018-10-04,A Ghost Story,2017,https://boxd.it/fb0K
2018-10-04,Grave of the Fireflies,1988,https://boxd.it/1RUM
2018-10-04,The Tale of The Princess Kaguya,2013,https://boxd.it/4JQI
2018-10-04,Your Name.,2016,https://boxd.it/cUqs
2018-10-04,Whisper of the Heart,1995,https://boxd.it/17uy
2018-10-04,5 Centimeters per Second,2007,https://boxd.it/16G4
2018-10-04,The Garden of Words,2013,https://boxd.it/5Ymq
2018-10-04,The Fog of War,2003,https://boxd.it/1Row
2018-10-04,The Thin Blue Line,1988,https://boxd.it/1OnK
2018-10-04,Neon Genesis Evangelion: The End of Evangelion,1997,https://boxd.it/1GRM
2018-10-04,Ghost in the Shell,1995,https://boxd.it/1YYc
2018-10-04,Frances Ha,2012,https://boxd.it/41Xg
2018-10-04,A Serious Man,2009,https://boxd.it/1RFW
2018-10-04,Barton Fink,1991,https://boxd.it/2aFQ
2018-10-04,"O Brother, Where Art Thou?",2000,https://boxd.it/2b3I
2018-10-04,Bowling for Columbine,2002,https://boxd.it/28Ls
2018-10-04,Fahrenheit 9/11,2004,https://boxd.it/28a2
2018-10-04,Where to Invade Next,2015,https://boxd.it/bQiC
2018-10-04,Crumb,1994,https://boxd.it/1tDi
2018-10-04,The Girl Who Leapt Through Time,2006,https://boxd.it/1OPa
2018-10-04,Ernest & Celestine,2012,https://boxd.it/493A
2018-10-04,Team America: World Police,2004,https://boxd.it/24QS
2018-10-04,Paprika,2006,https://boxd.it/23wW
2018-10-04,The Adventures of Tintin,2011,https://boxd.it/1Irc
2018-10-04,The Secret World of Arrietty,2010,https://boxd.it/AF4
2018-10-04,The Princess Bride,1987,https://boxd.it/26EY
2018-10-04,The Holy Mountain,1973,https://boxd.it/20mu
2018-10-04,Cars,2006,https://boxd.it/29ho
2018-10-04,Toy Story 2,1999,https://boxd.it/29qq
2018-10-04,A Bug's Life,1998,https://boxd.it/1Yyy
2018-10-04,Cars 2,2011,https://boxd.it/H4Y
2018-10-04,The Bourne Identity,2002,https://boxd.it/26EO
2018-10-04,Moneyball,2011,https://boxd.it/glS
2018-10-18,The Kindergarten Teacher,2018,https://boxd.it/hE3i
2018-10-18,A Star Is Born,2018,https://boxd.it/aXgc
2018-10-27,It Follows,2014,https://boxd.it/87wo
2018-10-27,17 Again,2009,https://boxd.it/1Jnq
2018-10-27,High School Musical,2006,https://boxd.it/1V0y
2018-10-27,The Karate Kid,1984,https://boxd.it/27Wk
2018-10-27,The Karate Kid,2010,https://boxd.it/15HA
2018-10-27,The Pink Panther 2,2009,https://boxd.it/1MHy
2018-10-28,Belle de Jour,1967,https://boxd.it/29Uq
2018-10-28,There Will Be Blood,2007,https://boxd.it/20Z2
2018-10-28,American Sniper,2014,https://boxd.it/5LDy
2018-10-29,Brick,2005,https://boxd.it/1Z6A
2018-10-29,Letters from Iwo Jima,2006,https://boxd.it/290C
2018-10-29,The Killing of a Sacred Deer,2017,https://boxd.it/dZ5G
2018-10-29,I Wish,2011,https://boxd.it/2L3k
2018-10-29,Shrek,2001,https://boxd.it/29zi
2018-10-29,Kung Fu Panda,2008,https://boxd.it/1Yws
2018-10-29,Madagascar,2005,https://boxd.it/29dc
2018-10-29,Megamind,2010,https://boxd.it/16Sk
2018-10-29,Over the Hedge,2006,https://boxd.it/20QY
2018-11-08,I Don't Feel at Home in This World Anymore,2017,https://boxd.it/f42u
2018-11-08,A Single Man,2009,https://boxd.it/1dx4
2018-11-15,Fantastic Mr. Fox,2009,https://boxd.it/1WyQ
2018-11-15,Call Me by Your Name,2017,https://boxd.it/dYmm
2018-11-15,Alien,1979,https://boxd.it/2awY
2018-11-15,All the President's Men,1976,https://boxd.it/29lU
2018-12-17,Gattaca,1997,https://boxd.it/29Du
2018-12-17,Shoplifters,2018,https://boxd.it/ifY6
2018-12-17,Summer with Monika,1953,https://boxd.it/JZC
2018-12-25,The Apartment,1960,https://boxd.it/2aGE
2018-12-29,Silver Linings Playbook,2012,https://boxd.it/2TTo
2018-12-29,The Lobster,2015,https://boxd.it/7tnw
2018-12-29,Children of Men,2006,https://boxd.it/1Y2i
2018-12-29,The Handmaiden,2016,https://boxd.it/948A
2018-12-29,Phantom Thread,2017,https://boxd.it/e4uc
2018-12-31,Arrival,2016,https://boxd.it/aNGk
2018-12-31,Spider-Man: Into the Spider-Verse,2018,https://boxd.it/azpY
2018-12-31,The Hours,2002,https://boxd.it/2a3s
2018-12-31,Hitch,2005,https://boxd.it/205o
2018-12-31,Me and Earl and the Dying Girl,2015,https://boxd.it/9SAE
2018-12-31,Dope,2015,https://boxd.it/9Tho
2018-12-31,The End of the Tour,2015,https://boxd.it/7jIE
2018-12-31,World of Tomorrow,2015,https://boxd.it/9Gr6
2019-01-01,Burn After Reading,2008,https://boxd.it/23BW
2019-01-01,The Christmas Chronicles,2018,https://boxd.it/ja7e
2019-01-01,District 9,2009,https://boxd.it/1Iik
2019-01-01,Ordinary People,1980,https://boxd.it/1JTm
2019-01-01,American Pie,1999,https://boxd.it/27qy
2019-01-01,Little Fockers,2010,https://boxd.it/13Ea
2019-01-01,Admission,2013,https://boxd.it/4BjQ
2019-01-03,Burning,2018,https://boxd.it/hHUa
2019-01-03,North by Northwest,1959,https://boxd.it/2aRM
2019-01-07,A Silent Voice: The Movie,2016,https://boxd.it/d99c
2019-01-07,Late Spring,1949,https://boxd.it/1DkK
2019-01-12,The Other Guys,2010,https://boxd.it/1rtq
2019-04-14,There's Something About Mary,1998,https://boxd.it/2aae
2019-04-18,Rosemary's Baby,1968,https://boxd.it/29zM
2019-04-18,The Pianist,2002,https://boxd.it/2aqc
2019-05-02,The Divine Move,2014,https://boxd.it/8F44
2019-05-02,The Robber,2010,https://boxd.it/u4Q
2019-05-02,The Kingdom of Dreams and Madness,2013,https://boxd.it/7oOi
2019-05-14,Tiny Furniture,2010,https://boxd.it/Kjs
2019-05-14,Creative Nonfiction,2009,https://boxd.it/477U
2019-05-14,The Outsiders,1983,https://boxd.it/2aPw
2019-05-14,The Rainmaker,1997,https://boxd.it/1SD8
2019-05-25,The Virgin Suicides,1999,https://boxd.it/28JG
2019-05-25,Avengers: Endgame,2019,https://boxd.it/9vE4
2019-05-29,Captain Marvel,2019,https://boxd.it/9vSA
2019-05-29,Ghost World,2001,https://boxd.it/28Dy
2019-05-29,Barry Lyndon,1975,https://boxd.it/25A2
2019-05-29,It's Such a Beautiful Day,2012,https://boxd.it/hCY2
2019-05-31,Thoroughbreds,2017,https://boxd.it/dVHQ
2019-06-01,Roma,2018,https://boxd.it/f69M
2019-06-01,Whip It,2009,https://boxd.it/1A3m
2019-06-01,"Night Is Short, Walk On Girl",2017,https://boxd.it/ffwA
2019-06-01,Requiem for a Dream,2000,https://boxd.it/29VI
2019-06-04,It's Kind of a Funny Story,2010,https://boxd.it/Tfa
2019-06-04,The Edge of Seventeen,2016,https://boxd.it/d5nu
2019-06-04,It,2017,https://boxd.it/bC8e
2019-06-04,Bohemian Rhapsody,2018,https://boxd.it/f1TK
2019-06-04,Ordet,1955,https://boxd.it/Jiy
2019-06-04,"Jeanne Dielman, 23, quai du Commerce, 1080 Bruxelles",1975,https://boxd.it/T18
2019-06-05,8½,1963,https://boxd.it/2aqm
2019-06-06,I Vitelloni,1953,https://boxd.it/1RJE
2019-06-06,La Dolce Vita,1960,https://boxd.it/2anC
2019-06-07,The Lego Movie,2014,https://boxd.it/4pDO
2019-06-07,Big Little Lies,2017,https://boxd.it/fYde
2019-06-07,Through a Glass Darkly,1961,https://boxd.it/1TrW
2019-06-07,Winter Light,1963,https://boxd.it/1nrU
2019-06-07,Heathers,1989,https://boxd.it/26x4
2019-06-08,Mind Game,2004,https://boxd.it/1Bv2
2019-06-08,Close-Up,1990,https://boxd.it/1m9q
2019-06-08,Rope,1948,https://boxd.it/28yo
2019-06-08,Gates of Heaven,1978,https://boxd.it/1wBu
2019-06-08,Ugetsu,1953,https://boxd.it/1NyM
2019-06-09,Woman in the Dunes,1964,https://boxd.it/1JNS
2019-06-09,Odd Obsession,1959,https://boxd.it/ViK
2019-06-10,Evangelion: 2.0 You Can (Not) Advance,2009,https://boxd.it/1zYm
2019-06-10,The Disappearance of Haruhi Suzumiya,2010,https://boxd.it/19Ds
2019-06-10,Summer Wars,2009,https://boxd.it/1oDC
2019-06-10,Wolf Children,2012,https://boxd.it/3Ipk
2019-06-10,Evangelion: 1.0 You Are (Not) Alone,2007,https://boxd.it/1MKi
2019-06-10,From Up on Poppy Hill,2011,https://boxd.it/2VCa
2019-06-10,I Want to Eat Your Pancreas,2018,https://boxd.it/ie6C
2019-06-10,Colorful,2010,https://boxd.it/4UG
2019-06-10,Battle Royale,2000,https://boxd.it/25zS
2019-06-11,Tampopo,1985,https://boxd.it/1SZe
2019-06-17,Floating Weeds,1959,https://boxd.it/LZu
2019-06-17,Tokyo Olympiad,1965,https://boxd.it/U1o
2019-06-17,Early Summer,1951,https://boxd.it/E4G
2019-06-20,Murmur of the Heart,1971,https://boxd.it/WKg
2019-06-20,Dreams,1990,https://boxd.it/1ROu
2019-06-21,The Fire Within,1963,https://boxd.it/26AM
2019-06-21,Mouchette,1967,https://boxd.it/28Bs
2019-07-05,Anima,2019,https://boxd.it/mxuc
2019-07-05,Bad Genius,2017,https://boxd.it/ggpM
2019-07-05,House,1977,https://boxd.it/1vsm
2019-07-05,A Taxing Woman,1987,https://boxd.it/XXA
2019-07-05,A Taxing Woman's Return,1988,https://boxd.it/Y5u
2019-07-07,Cronos,1992,https://boxd.it/1TjS
2019-07-07,Eraserhead,1977,https://boxd.it/299u
2019-07-07,The Piano Teacher,2001,https://boxd.it/2886
2019-07-07,The Long Day Closes,1992,https://boxd.it/EMy
2019-07-11,Fish Tank,2009,https://boxd.it/1xBg
2019-07-11,The Ghost Writer,2010,https://boxd.it/1TQW
2019-07-12,American Honey,2016,https://boxd.it/bk7C
2019-07-20,Icarus,2017,https://boxd.it/fmje
2019-07-20,Free Solo,2018,https://boxd.it/iEEq
2019-07-21,When We Were Kings,1996,https://boxd.it/1VZm
2019-07-21,My Friend Dahmer,2017,https://boxd.it/fQ7W
2019-07-23,Creed,2015,https://boxd.it/a2qk
2019-07-23,Southpaw,2015,https://boxd.it/9Phu
2019-07-23,8 Mile,2002,https://boxd.it/2bew
2019-07-25,The Fighter,2010,https://boxd.it/PP4
2019-08-03,Fitzcarraldo,1982,https://boxd.it/1YV8
2019-08-03,Elle,2016,https://boxd.it/bdhq
2019-08-14,The Farewell,2019,https://boxd.it/kIky
2019-08-14,Unforgiven,1992,https://boxd.it/6Z4
2019-08-14,Once Upon a Time... in Hollywood,2019,https://boxd.it/gH0O
2019-08-14,Vanya on 42nd Street,1994,https://boxd.it/1gMc
2019-08-18,Au Hasard Balthazar,1966,https://boxd.it/1E3g
2019-08-18,My Dinner with Andre,1981,https://boxd.it/1vLe
2019-08-22,The Witch,2015,https://boxd.it/9X0m
2019-08-22,Hereditary,2018,https://boxd.it/hNVe
2019-08-22,Midsommar,2019,https://boxd.it/jhxe
2019-08-22,Rocketman,2019,https://boxd.it/iehK
2019-08-24,Hiroshima Mon Amour,1959,https://boxd.it/22WY
2019-08-24,Graduation,2016,https://boxd.it/d0vI
2019-08-25,Jodorowsky's Dune,2013,https://boxd.it/5MP6
2019-08-26,Chinatown,1974,https://boxd.it/29vU
2019-08-26,Repulsion,1965,https://boxd.it/1TKu
2019-08-27,The Silence,1963,https://boxd.it/1TH6
2019-08-28,Slacker,1990,https://boxd.it/1OUu
2019-09-16,Funny Games,1997,https://boxd.it/1WKM
2019-09-16,The Seventh Continent,1989,https://boxd.it/1gB4
2019-09-23,Chungking Express,1994,https://boxd.it/1UDa
2019-09-23,The Burden,2017,https://boxd.it/gkhM
2019-09-23,Tord and Tord,2010,https://boxd.it/4cWo
2019-09-23,Bath House,2014,https://boxd.it/9HRY
2019-09-23,Benny's Video,1992,https://boxd.it/27Hk
2019-10-11,Joker,2019,https://boxd.it/h4cS
2019-10-11,The White Ribbon,2009,https://boxd.it/17eU
2019-10-23,Louie Bluie,1985,https://boxd.it/36qO
2019-10-23,El Camino: A Breaking Bad Movie,2019,https://boxd.it/kv0q
2019-10-23,Mirror,1975,https://boxd.it/28Q8
2019-11-13,Parasite,2019,https://boxd.it/hTha
2019-11-13,Pather Panchali,1955,https://boxd.it/22yC
2020-01-01,Drive,2011,https://boxd.it/IG
2020-01-01,Star Wars: The Rise of Skywalker,2019,https://boxd.it/5xlK
2020-01-01,The Irishman,2019,https://boxd.it/dYOq
2020-01-01,Amour,2012,https://boxd.it/34Q6
2020-01-04,Snow White and the Seven Dwarfs,1937,https://boxd.it/2arO
2020-01-04,Fantasia,1940,https://boxd.it/29HG
2020-01-04,Pinocchio,1940,https://boxd.it/1V8C
2020-01-06,Peter Pan,1953,https://boxd.it/1VCC
2020-01-14,1917,2019,https://boxd.it/jj4y
2020-01-14,Little Women,2019,https://boxd.it/aSVk
2020-01-15,The Departed,2006,https://boxd.it/28MA
2020-01-16,Carnal Knowledge,1971,https://boxd.it/1au2
2020-01-17,Inside Llewyn Davis,2013,https://boxd.it/34Ro
2020-01-23,Boogie Nights,1997,https://boxd.it/23um
2020-01-23,Never Let Me Go,2010,https://boxd.it/Xw0
2020-03-19,Shame,2011,https://boxd.it/2CxU
2020-04-13,La Ciénaga,2001,https://boxd.it/kpk
2020-04-13,The Green Ray,1986,https://boxd.it/t8W
2020-06-03,The Florida Project,2017,https://boxd.it/dMG0
2020-06-03,The Housemaid,2010,https://boxd.it/Q6k
2020-06-06,The Last Temptation of Christ,1988,https://boxd.it/1ULe
2020-06-06,Clouds of Sils Maria,2014,https://boxd.it/7f62
2020-08-02,Starship Troopers,1997,https://boxd.it/2a7k
2020-08-02,The Red Pill,2016,https://boxd.it/cHxg
2020-08-02,Chimpanzee,2012,https://boxd.it/2oFK
2020-08-02,Personal Shopper,2016,https://boxd.it/bkGM
2020-08-02,Summer Hours,2008,https://boxd.it/20pI
2020-08-08,To Die For,1995,https://boxd.it/2a5o
2020-08-13,Senna,2010,https://boxd.it/kfE
2020-08-13,Badlands,1973,https://boxd.it/25Fm
2020-08-13,The Thin Red Line,1998,https://boxd.it/1ZTM
2020-08-17,Boys State,2020,https://boxd.it/oiNW
2020-08-22,Full Metal Jacket,1987,https://boxd.it/2a1Q
2020-08-26,Knight of Cups,2015,https://boxd.it/34Qq
2020-08-27,Knives Out,2019,https://boxd.it/jWEA
2020-08-27,High Fidelity,2000,https://boxd.it/2aMW
2020-08-30,Office Space,1999,https://boxd.it/28Em
2020-09-05,Ocean's Eleven,2001,https://boxd.it/2aZm
2020-09-05,I'm Thinking of Ending Things,2020,https://boxd.it/i4IQ
2020-09-09,Weathering with You,2019,https://boxd.it/kPxE
2020-09-09,Seven Samurai,1954,https://boxd.it/2axi
2020-09-09,Mad Max: Fury Road,2015,https://boxd.it/2DjO
2020-09-09,Three Colours: Blue,1993,https://boxd.it/2b7K
2020-09-09,Patriotism,1966,https://boxd.it/2pZ2
2020-09-09,American Gigolo,1980,https://boxd.it/26l8
2020-09-09,The Devil Wears Prada,2006,https://boxd.it/2awE
2020-09-09,Caché,2005,https://boxd.it/2amY
2020-09-09,Stalker,1979,https://boxd.it/28PO
2020-09-12,Basic Instinct,1992,https://boxd.it/2asM
2020-09-12,WarGames,1983,https://boxd.it/29qU
2020-09-13,Sixteen Candles,1984,https://boxd.it/1MJk
2020-09-16,Dogville,2003,https://boxd.it/2a8W
2020-09-16,We're the Millers,2013,https://boxd.it/4srQ
2020-09-16,Just Go with It,2011,https://boxd.it/Doq
2020-10-30,Memories of Murder,2003,https://boxd.it/1TSo
2020-10-30,The Rise of Jordan Peterson,2019,https://boxd.it/ncrS
2020-10-30,Shithouse,2020,https://boxd.it/nCFc
2020-10-30,Rushmore,1998,https://boxd.it/1TAO
2020-10-30,Bottle Rocket,1996,https://boxd.it/1PDa
2020-10-30,Jaws,1975,https://boxd.it/2a5e
2020-10-30,Zazie dans le Métro,1960,https://boxd.it/26Co
2020-11-17,Borat Subsequent Moviefilm,2020,https://boxd.it/rNS0
2020-11-17,Die Hard,1988,https://boxd.it/2a7u
2020-11-17,PlayTime,1967,https://boxd.it/1WLK
2020-11-17,Speed Racer,2008,https://boxd.it/20UQ
2020-11-27,Hillbilly Elegy,2020,https://boxd.it/lQmY
2020-11-27,My Octopus Teacher,2020,https://boxd.it/prk2
2020-12-18,Honey Boy,2019,https://boxd.it/ixvm
2020-12-31,Inside Out,2015,https://boxd.it/4KHC
2020-12-31,Molly's Game,2017,https://boxd.it/dSl8
2021-01-02,Barking Dogs Never Bite,2000,https://boxd.it/1BLa
2021-01-02,Tenet,2020,https://boxd.it/leq4
2021-02-08,Support the Girls,2018,https://boxd.it/ghHs
2021-03-15,An Elephant Sitting Still,2018,https://boxd.it/i1EQ
2021-03-20,La Chinoise,1967,https://boxd.it/28rC
2021-03-24,Solaris,1972,https://boxd.it/2a2Y
2021-03-24,Ivan's Childhood,1962,https://boxd.it/1j6y
2021-04-17,Promising Young Woman,2020,https://boxd.it/loRE
2021-04-23,Minari,2020,https://boxd.it/mL9M
2021-04-23,Nomadland,2020,https://boxd.it/lnRy
2021-04-23,Shiva Baby,2020,https://boxd.it/oIv0
2021-05-02,Betty Blue,1986,https://boxd.it/1SBw
2021-05-04,Days of Heaven,1978,https://boxd.it/1JRg
2021-05-04,Breaking the Waves,1996,https://boxd.it/2b1W
2021-05-04,Tape,2001,https://boxd.it/1yCu
2021-05-10,Jackie Brown,1997,https://boxd.it/2aVO
2021-05-11,Iverson,2014,https://boxd.it/7Xv6
2021-05-22,Kill Bill: Vol. 1,2003,https://boxd.it/70w
2021-05-22,Kill Bill: Vol. 2,2004,https://boxd.it/2au4
2021-05-29,Babel,2006,https://boxd.it/292o
2021-06-20,Clueless,1995,https://boxd.it/1Ygk
2021-06-29,Extract,2009,https://boxd.it/1RGA
2021-07-03,Idiocracy,2006,https://boxd.it/20RW
2021-07-11,Black Narcissus,1947,https://boxd.it/1Kce
2021-07-17,Beavis and Butt-Head Do America,1996,https://boxd.it/25zo
2021-09-28,Shang-Chi and the Legend of the Ten Rings,2021,https://boxd.it/kLDI
2021-09-30,Thank You for Smoking,2005,https://boxd.it/1YOc
2021-10-04,The Shape of Water,2017,https://boxd.it/dZ5m
2021-10-25,Dune,2021,https://boxd.it/fA7G
2021-12-15,Dawn of the Felines,2017,https://boxd.it/ft3W
2021-12-15,Over the Town,2019,https://boxd.it/sBnQ
2021-12-15,In Those Days,2021,https://boxd.it/tTH2
2021-12-15,My Life Changed When I Went to a Sex Parlor,2013,https://boxd.it/7SuC
2021-12-22,3 Idiots,2009,https://boxd.it/1Dsa
2021-12-22,Asakusa Kid,2021,https://boxd.it/sRiW
2022-01-10,Naked,1993,https://boxd.it/1BT4
2022-01-11,Abigail's Party,1977,https://boxd.it/1yx0
2022-03-14,Drive My Car,2021,https://boxd.it/sv94
2022-03-14,Asako I & II,2018,https://boxd.it/hyNk
2022-03-15,The Batman,2022,https://boxd.it/eDGs
2022-03-16,Beauty and the Beast,1991,https://boxd.it/1XhG
2022-04-03,Spider-Man: No Way Home,2021,https://boxd.it/nwRw
2022-04-03,Amélie,2001,https://boxd.it/2aUc
2022-06-04,Child of the Stars,2020,https://boxd.it/ryCQ
2022-07-18,Top Gun: Maverick,2022,https://boxd.it/cjr4
2022-07-20,Bee Movie,2007,https://boxd.it/22Vw
2022-08-05,Love Exposure,2008,https://boxd.it/1pDe
2022-08-12,Kanal,1957,https://boxd.it/1mky
2022-08-18,A Bride for Rip Van Winkle,2016,https://boxd.it/dj9c
2022-08-20,Licorice Pizza,2021,https://boxd.it/qTKY
2022-09-07,Happy Together,1997,https://boxd.it/1Ha0
2022-09-20,The Death of Stalin,2017,https://boxd.it/ea9Y
2022-10-05,A Beloved Wife,2019,https://boxd.it/nrmo
2022-10-09,Fourth of July,2022,https://boxd.it/B9dw
2022-10-16,Zootopia,2016,https://boxd.it/84xS
2022-10-23,Bambi,1942,https://boxd.it/25AQ
2022-10-23,The Little Mermaid,1989,https://boxd.it/1WYO
2022-11-14,Hercules,1997,https://boxd.it/1SDW
2022-11-20,Pokémon Detective Pikachu,2019,https://boxd.it/fVA0
2022-12-11,Guillermo del Toro's Pinocchio,2022,https://boxd.it/kjMW
2022-12-20,Men in Black,1997,https://boxd.it/2a0I
2023-01-28,Who Framed Roger Rabbit,1988,https://boxd.it/29ry
2023-01-28,Tag,2015,https://boxd.it/bjvI
2023-01-29,Lady Vengeance,2005,https://boxd.it/248G
2023-02-21,Bento Harassment,2019,https://boxd.it/iExu
2023-03-28,The Card Counter,2021,https://boxd.it/nTH0
2023-03-28,Decision to Leave,2022,https://boxd.it/qp9e
2023-03-28,Bad Education,2019,https://boxd.it/jiME
2023-03-31,Blue Collar,1978,https://boxd.it/1Nhm
2023-04-17,Sorry to Bother You,2018,https://boxd.it/f21E
2023-04-19,"The French Dispatch of the Liberty, Kansas Evening Sun",2021,https://boxd.it/jLP8
2023-04-23,Suicide Club,2001,https://boxd.it/1RkY
2023-04-24,Secretary,2002,https://boxd.it/1URc
2023-04-24,Bolt Driver,2021,https://boxd.it/vYla
2023-04-26,The Whale,2022,https://boxd.it/tw4c
2023-05-03,What Happened to Our Nest Egg!?,2021,https://boxd.it/qjuK
2023-05-03,The Super Mario Bros. Movie,2023,https://boxd.it/i8C8
2023-05-03,Blue Velvet,1986,https://boxd.it/29BI
2023-05-03,Ready Player One,2018,https://boxd.it/aZes
2023-05-05,Carnage,2011,https://boxd.it/2peU
2023-05-06,Tokyo Trash Baby,2000,https://boxd.it/1M7q
2023-05-06,Kabukicho Love Hotel,2014,https://boxd.it/8Vtu
2023-05-16,Peppermint Candy,1999,https://boxd.it/ZQc
2023-05-27,"Hi, Mom",2021,https://boxd.it/svxU
2023-07-22,Aftersun,2022,https://boxd.it/Arw0
2023-08-06,Showgirls,1995,https://boxd.it/1Vmk
2023-08-07,Everything Everywhere All at Once,2022,https://boxd.it/jUk4
2023-08-07,Spider-Man: Across the Spider-Verse,2023,https://boxd.it/kSz4
2023-08-07,The Killing,1956,https://boxd.it/2aMi
2024-01-02,Totto-chan: The Little Girl at the Window,2023,https://boxd.it/FSts
2024-01-26,Triangle of Sadness,2022,https://boxd.it/hXlq
2024-01-28,Sweet Bean,2015,https://boxd.it/alaK
2024-03-24,Perfect Days,2023,https://boxd.it/ATh8
2024-03-24,Road House,2024,https://boxd.it/cdzQ
2024-03-24,Dune: Part Two,2024,https://boxd.it/pUfA
2024-03-24,The Zone of Interest,2023,https://boxd.it/gJsA
2024-03-24,Oppenheimer,2023,https://boxd.it/wUow
2024-03-28,"Small, Slow But Steady",2022,https://boxd.it/yZYe
2024-03-28,The Goonies,1985,https://boxd.it/1YVC
2024-06-03,Furiosa: A Mad Max Saga,2024,https://boxd.it/tABk
2024-07-30,My Small Land,2022,https://boxd.it/yzY8
2024-08-07,The Tatami Galaxy,2010,https://boxd.it/oL50
2024-08-07,Ping Pong the Animation,2014,https://boxd.it/oL1s
2024-09-15,Prometheus,2012,https://boxd.it/2s9e
2024-09-18,All of Us Strangers,2023,https://boxd.it/Bz3C
2024-11-22,Look Back,2024,https://boxd.it/LjA6
2024-11-26,BL Metamorphosis,2022,https://boxd.it/AmDK
2024-11-26,Amiko,2022,https://boxd.it/vfZ0
2024-11-26,Ichiko,2023,https://boxd.it/IpPA
2024-11-26,Gladiator,2000,https://boxd.it/2b9m
2024-11-26,The Wizard of Oz,1939,https://boxd.it/29Xu
2024-11-26,Cloudy with a Chance of Meatballs,2009,https://boxd.it/1A40
2024-11-27,Tamako in Moratorium,2013,https://boxd.it/7miO
2024-12-23,Barbie,2023,https://boxd.it/bCLK
2024-12-23,Glass Onion,2022,https://boxd.it/oCkK
2025-01-10,Inglourious Basterds,2009,https://boxd.it/1JzG
2025-01-10,Reservoir Dogs,1992,https://boxd.it/2agc
2025-01-11,Snowpiercer,2013,https://boxd.it/3Icg
2025-01-11,The Host,2006,https://boxd.it/28ZY
2025-01-17,Aloners,2021,https://boxd.it/ujeK
2025-01-17,Past Lives,2023,https://boxd.it/oNB8
2025-01-18,Night and Day,2008,https://boxd.it/lGG
2025-01-21,Wallace & Gromit: Vengeance Most Fowl,2024,https://boxd.it/z14C
2025-01-21,Don't Die: The Man Who Wants to Live Forever,2025,https://boxd.it/RV6g
2025-02-25,Love & Pop,1998,https://boxd.it/2sv0
2025-02-25,Evangelion: 3.0+1.0 Thrice Upon a Time,2021,https://boxd.it/8LnQ
2025-02-25,Evangelion: 3.0 You Can (Not) Redo,2012,https://boxd.it/2BwG
2025-04-10,Call Me Chihiro,2023,https://boxd.it/CKrM
2025-04-10,Flying Colors,2015,https://boxd.it/bJVW
2025-04-10,We Made a Beautiful Bouquet,2021,https://boxd.it/pZDC
2025-04-10,Monster,2023,https://boxd.it/DJEM
2025-04-15,Winny,2023,https://boxd.it/D7Co
2025-04-21,Ping Pong,2002,https://boxd.it/1vkW
2025-04-21,Tokyo Godfathers,2003,https://boxd.it/1Qg2
2025-04-21,Tekkonkinkreet,2006,https://boxd.it/1Pui
2025-05-06,Detective Conan: The Phantom of Baker Street,2002,https://boxd.it/1tqo
2025-05-11,Blue,2002,https://boxd.it/3q1k
2025-05-11,Blue,2021,https://boxd.it/vacW
2025-05-13,Enter the Dragon,1973,https://boxd.it/1YCA
2025-05-16,Warrior,2011,https://boxd.it/i3G
2025-05-17,Three Colours: White,1994,https://boxd.it/2b7A
2025-05-18,Neighbors,2014,https://boxd.it/5Txe
2025-05-30,Braveheart,1995,https://boxd.it/2aTI
2025-05-30,The Passion of the Christ,2004,https://boxd.it/29ZK
2025-06-02,Glengarry Glen Ross,1992,https://boxd.it/1Yw8
2025-08-26,The Flowers of Evil,2019,https://boxd.it/l17I
2025-08-27,Cutie Honey,2004,https://boxd.it/1CHe
2025-08-27,A Beautiful Star,2017,https://boxd.it/g0rM
2025-08-27,The Kirishima Thing,2012,https://boxd.it/5nry
2025-08-27,Neighbors 2: Sorority Rising,2016,https://boxd.it/aA80
2025-08-28,F1,2025,https://boxd.it/yjVM
2025-10-04,One Battle After Another,2025,https://boxd.it/DUHM
2025-10-31,Mio on the Shore,2019,https://boxd.it/lTpw
2025-11-06,Chainsaw Man – The Movie: Reze Arc,2025,https://boxd.it/Kgyu
2025-12-02,Hirugao,2017,https://boxd.it/gpVi
2025-12-02,KPop Demon Hunters,2025,https://boxd.it/ufwK
2025-12-27,Avatar: Fire and Ash,2025,https://boxd.it/2W7s
2026-01-02,Kokuho,2025,https://boxd.it/R6yo
2026-01-12,Weapons,2025,https://boxd.it/EMTM
2026-01-25,Anora,2024,https://boxd.it/Egcw
2026-01-29,The Brutalist,2024,https://boxd.it/k4BO
2026-01-30,La La Land,2016,https://boxd.it/a5fa
2026-02-10,A Simple Favor,2018,https://boxd.it/hq92
2026-02-10,"Paris, Texas",1984,https://boxd.it/29Ts
2026-02-12,Tokyo-Ga,1985,https://boxd.it/2DyE
2026-02-13,An Autumn Afternoon,1962,https://boxd.it/CUU
2026-02-20,The Worst Person in the World,2021,https://boxd.it/oyws
2026-03-10,Onibaba,1964,https://boxd.it/252a
2026-03-11,The Last Samurai,2003,https://boxd.it/29ZA
